{"best/epoch": 9, "best/precision": 0.08627626356375064, "best/recall": 0.3333333333333333, "best/mAP_0.5": 0.04890320235170622, "best/mAP_0.5:0.95": 0.00916108075433574, "Labels": {"_type": "images/separated", "width": 1600, "height": 1600, "format": "jpg", "count": 2, "filenames": ["media/images/Labels_0_ce6331a862341d247c5d.jpg", "media/images/Labels_0_86f71b5753bc1a884b7d.jpg"], "captions": ["labels.jpg", "labels_correlogram.jpg"]}, "train/box_loss": 0.08437759429216385, "train/obj_loss": 0.034458551555871964, "train/cls_loss": 0.0, "metrics/precision": 0.0847054485743588, "metrics/recall": 0.32653061224489793, "metrics/mAP_0.5": 0.04830295110561769, "metrics/mAP_0.5:0.95": 0.009102431477672323, "val/box_loss": 0.07700195908546448, "val/obj_loss": 0.02474714070558548, "val/cls_loss": 0.0, "x/lr0": 0.0006431, "x/lr1": 0.0006431, "x/lr2": 0.041643099999999995, "BoundingBoxDebugger": {"_type": "images/separated", "width": 448, "height": 320, "format": "png", "count": 16, "filenames": ["media/images/BoundingBoxDebugger_9_9734fc716465ad154c38.png", "media/images/BoundingBoxDebugger_9_bb2758bcdf762562f82d.png", "media/images/BoundingBoxDebugger_9_3965725e40963a6ba248.png", "media/images/BoundingBoxDebugger_9_2b52cbb81ca1977e029c.png", "media/images/BoundingBoxDebugger_9_a3e260899c492990ef32.png", "media/images/BoundingBoxDebugger_9_61e5731186bca6cbb356.png", "media/images/BoundingBoxDebugger_9_7c6eee27dfc63668f193.png", "media/images/BoundingBoxDebugger_9_81c27961f96874cbe4fc.png", "media/images/BoundingBoxDebugger_9_24b06b270b3fa8b839f6.png", "media/images/BoundingBoxDebugger_9_a3c4f363d923295d26ee.png", "media/images/BoundingBoxDebugger_9_254dae8017657e2fd047.png", "media/images/BoundingBoxDebugger_9_8d5e7c604ba70f88ab67.png", "media/images/BoundingBoxDebugger_9_b3421cde7cfacbb61388.png", "media/images/BoundingBoxDebugger_9_66b321c2211e946c7d45.png", "media/images/BoundingBoxDebugger_9_abec2824676ccd720778.png", "media/images/BoundingBoxDebugger_9_e4ac2294fad1ca0d4de4.png"], "captions": ["BikesHelmets91.png", "BikesHelmets3.png", "BikesHelmets14.png", "BikesHelmets6.png", "BikesHelmets80.png", "BikesHelmets70.png", "BikesHelmets65.png", "BikesHelmets18.png", "BikesHelmets17.png", "BikesHelmets25.png", "BikesHelmets89.png", "BikesHelmets71.png", "BikesHelmets57.png", "BikesHelmets9.png", "BikesHelmets10.png", "BikesHelmets28.png"], "all_boxes": [{"predictions": {"_type": "boxes2D", "sha256": "67eb1766c170c6ba0f23d0c75a1a91d539e755992ff28801389fcba11125654b", "size": 71710, "path": "media/metadata/boxes2D/BoundingBoxDebugger_9_67eb1766c170c6ba0f23.boxes2D.json"}}, {"predictions": {"_type": "boxes2D", "sha256": "3c0099f821a8688a6dd980844d124dd6f435b38184ba4c834f1d75974a711d49", "size": 71703, "path": "media/metadata/boxes2D/BoundingBoxDebugger_9_3c0099f821a8688a6dd9.boxes2D.json"}}, {"predictions": {"_type": "boxes2D", "sha256": "91820c208b7cbdd890e658cd0cf23ee7524f40f43e08f083ff6c39dfb62b17b5", "size": 71823, "path": "media/metadata/boxes2D/BoundingBoxDebugger_9_91820c208b7cbdd890e6.boxes2D.json"}}, {"predictions": {"_type": "boxes2D", "sha256": "ba36b63cc9eecaddd110e796675a1928c0c71b22613158b2b09fe70569fd6c95", "size": 71587, "path": "media/metadata/boxes2D/BoundingBoxDebugger_9_ba36b63cc9eecaddd110.boxes2D.json"}}, {"predictions": {"_type": "boxes2D", "sha256": "f446c2320fed6309c1a6261a593a56e3cebe06635a630150c1e6f832e7758b38", "size": 71630, "path": "media/metadata/boxes2D/BoundingBoxDebugger_9_f446c2320fed6309c1a6.boxes2D.json"}}, {"predictions": {"_type": "boxes2D", "sha256": "40a787fed76e60ed427d9f7b86e07ca422baff782097ee43c42b45ea04a7067a", "size": 71730, "path": "media/metadata/boxes2D/BoundingBoxDebugger_9_40a787fed76e60ed427d.boxes2D.json"}}, {"predictions": {"_type": "boxes2D", "sha256": "9ad549d66d83ceaab48360f2fd5c50813268c44ecc0d66337234696cb29f0ae7", "size": 71802, "path": "media/metadata/boxes2D/BoundingBoxDebugger_9_9ad549d66d83ceaab483.boxes2D.json"}}, {"predictions": {"_type": "boxes2D", "sha256": "06f134b363a41e95c914f97840dc0785cb83d9499729906f405bc61a27c9d571", "size": 71757, "path": "media/metadata/boxes2D/BoundingBoxDebugger_9_06f134b363a41e95c914.boxes2D.json"}}, {"predictions": {"_type": "boxes2D", "sha256": "59ca7f512d068d38a5a1d49955dbfdd094a1457019a9cb60fd6197eeda83175c", "size": 71777, "path": "media/metadata/boxes2D/BoundingBoxDebugger_9_59ca7f512d068d38a5a1.boxes2D.json"}}, {"predictions": {"_type": "boxes2D", "sha256": "c8d544c1f19f5bb1936c5efd17f4df0ad03fa786239239cfb11bb5e82cccd127", "size": 71764, "path": "media/metadata/boxes2D/BoundingBoxDebugger_9_c8d544c1f19f5bb1936c.boxes2D.json"}}, {"predictions": {"_type": "boxes2D", "sha256": "a2cbc2eb7f0f933b49bc27da12ec76efdf5cb7810285731b4fddcbb288bcbfb4", "size": 71746, "path": "media/metadata/boxes2D/BoundingBoxDebugger_9_a2cbc2eb7f0f933b49bc.boxes2D.json"}}, {"predictions": {"_type": "boxes2D", "sha256": "388cee4e5a08700e0eec7fbbd4e06d9f539d731bb64330c0410c9de48c3af852", "size": 71793, "path": "media/metadata/boxes2D/BoundingBoxDebugger_9_388cee4e5a08700e0eec.boxes2D.json"}}, {"predictions": {"_type": "boxes2D", "sha256": "717d429b65b12d7abfc4c777ae6af05c50754b1283b4d06c4bbc8b835be49ddd", "size": 71728, "path": "media/metadata/boxes2D/BoundingBoxDebugger_9_717d429b65b12d7abfc4.boxes2D.json"}}, {"predictions": {"_type": "boxes2D", "sha256": "9d5d19f77b7312773182ac952c712c14a97945bab94a51d460225d2476cb6764", "size": 71697, "path": "media/metadata/boxes2D/BoundingBoxDebugger_9_9d5d19f77b7312773182.boxes2D.json"}}, {"predictions": {"_type": "boxes2D", "sha256": "1d5a182566a86ddf98a963ed047aaefab96ee75b12fdc3257d99b8fb07c97806", "size": 71685, "path": "media/metadata/boxes2D/BoundingBoxDebugger_9_1d5a182566a86ddf98a9.boxes2D.json"}}, {"predictions": {"_type": "boxes2D", "sha256": "ae532fb21f095b5710238a1ee295bfac2690de4436032e1ef199887c3e422394", "size": 71758, "path": "media/metadata/boxes2D/BoundingBoxDebugger_9_ae532fb21f095b571023.boxes2D.json"}}]}, "_timestamp": 1651842781, "_runtime": 407, "_step": 10, "Mosaics": {"_type": "images/separated", "width": 1664, "height": 1664, "format": "jpg", "count": 3, "filenames": ["media/images/Mosaics_1_8bf30dba6386ff3e803c.jpg", "media/images/Mosaics_1_3f3182039f2ccba313d0.jpg", "media/images/Mosaics_1_2ce5e55efbea35d5f72f.jpg"], "captions": ["train_batch0.jpg", "train_batch1.jpg", "train_batch2.jpg"]}, "Validation": {"_type": "images/separated", "width": 1792, "height": 1280, "format": "jpg", "count": 6, "filenames": ["media/images/Validation_10_02c22cf46d12c84eef8c.jpg", "media/images/Validation_10_c15feef97e90f71b33b7.jpg", "media/images/Validation_10_e247ca9ab106647afb29.jpg", "media/images/Validation_10_ba80f463bfda219f0d90.jpg", "media/images/Validation_10_3223e8e4f63c58c98bda.jpg", "media/images/Validation_10_6e5c215a04b4cbc95a87.jpg"], "captions": ["val_batch0_labels.jpg", "val_batch0_pred.jpg", "val_batch1_labels.jpg", "val_batch1_pred.jpg", "val_batch2_labels.jpg", "val_batch2_pred.jpg"]}, "Results": {"_type": "images/separated", "width": 2400, "height": 1200, "format": "png", "count": 6, "filenames": ["media/images/Results_10_b57ba2ce5e374c6f5577.png", "media/images/Results_10_a5feac848e5e5c9c1bbb.png", "media/images/Results_10_4ec4b0e2a9db8ad3e5ba.png", "media/images/Results_10_736b7a5505029cd5a0fd.png", "media/images/Results_10_025f72418ae0e6fdf754.png", "media/images/Results_10_d950efb47b9fad478f8b.png"], "captions": ["results.png", "confusion_matrix.png", "F1_curve.png", "PR_curve.png", "P_curve.png", "R_curve.png"]}, "_wandb": {"runtime": 405}}